<?xml version="1.0" encoding="utf-8" ?>
<!--
    rTexPacker XML atlas descriptor file (v1.0)
    Number of packed sprites:     95

    NOTE: This atlas contains a sprite font description
-->
<AtlasTexture imagePath='Adore64.png' width='1024' height='1024' spriteCount='95' isFont='1' fontSize='32'>
    <Sprite nameId='Adore64' originX='0' originY='0' positionX='0' positionY='0' sourceSizeWidth='31' sourceSizeHeight='32' padding='0' trimmed='0' trimRecX='0' trimRecY='0' trimRecWidth='0' trimRecHeight='0' charValue='32' charOffsetX='0' charOffsetY='0' charAdvanceX='31' />
    <Sprite nameId='Adore64' originX='0' originY='0' positionX='31' positionY='0' sourceSizeWidth='9' sourceSizeHeight='32' padding='0' trimmed='0' trimRecX='0' trimRecY='0' trimRecWidth='9' trimRecHeight='27' charValue='33' charOffsetX='11' charOffsetY='0' charAdvanceX='31' />
    <Sprite nameId='Adore64' originX='0' originY='0' positionX='40' positionY='0' sourceSizeWidth='25' sourceSizeHeight='32' padding='0' trimmed='0' trimRecX='0' trimRecY='0' trimRecWidth='25' trimRecHeight='12' charValue='34' charOffsetX='3' charOffsetY='0' charAdvanceX='31' />
    <Sprite nameId='Adore64' originX='0' originY='0' positionX='65' positionY='0' sourceSizeWidth='32' sourceSizeHeight='32' padding='0' trimmed='0' trimRecX='0' trimRecY='0' trimRecWidth='32' trimRecHeight='27' charValue='35' charOffsetX='0' charOffsetY='0' charAdvanceX='31' />
    <Sprite nameId='Adore64' originX='0' originY='0' positionX='97' positionY='0' sourceSizeWidth='25' sourceSizeHeight='32' padding='0' trimmed='0' trimRecX='0' trimRecY='0' trimRecWidth='25' trimRecHeight='27' charValue='36' charOffsetX='3' charOffsetY='0' charAdvanceX='31' />
    <Sprite nameId='Adore64' originX='0' originY='0' positionX='122' positionY='0' sourceSizeWidth='25' sourceSizeHeight='32' padding='0' trimmed='0' trimRecX='0' trimRecY='0' trimRecWidth='25' trimRecHeight='27' charValue='37' charOffsetX='3' charOffsetY='0' charAdvanceX='31' />
    <Sprite nameId='Adore64' originX='0' originY='0' positionX='147' positionY='0' sourceSizeWidth='29' sourceSizeHeight='32' padding='0' trimmed='0' trimRecX='0' trimRecY='0' trimRecWidth='29' trimRecHeight='27' charValue='38' charOffsetX='3' charOffsetY='0' charAdvanceX='31' />
    <Sprite nameId='Adore64' originX='0' originY='0' positionX='176' positionY='0' sourceSizeWidth='9' sourceSizeHeight='32' padding='0' trimmed='0' trimRecX='0' trimRecY='0' trimRecWidth='9' trimRecHeight='12' charValue='39' charOffsetX='7' charOffsetY='0' charAdvanceX='31' />
    <Sprite nameId='Adore64' originX='0' originY='0' positionX='185' positionY='0' sourceSizeWidth='17' sourceSizeHeight='32' padding='0' trimmed='0' trimRecX='0' trimRecY='0' trimRecWidth='17' trimRecHeight='27' charValue='40' charOffsetX='7' charOffsetY='0' charAdvanceX='31' />
    <Sprite nameId='Adore64' originX='0' originY='0' positionX='202' positionY='0' sourceSizeWidth='17' sourceSizeHeight='32' padding='0' trimmed='0' trimRecX='0' trimRecY='0' trimRecWidth='17' trimRecHeight='27' charValue='41' charOffsetX='7' charOffsetY='0' charAdvanceX='31' />
    <Sprite nameId='Adore64' originX='0' originY='0' positionX='219' positionY='0' sourceSizeWidth='32' sourceSizeHeight='32' padding='0' trimmed='0' trimRecX='0' trimRecY='3' trimRecWidth='32' trimRecHeight='21' charValue='42' charOffsetX='0' charOffsetY='0' charAdvanceX='31' />
    <Sprite nameId='Adore64' originX='0' originY='0' positionX='251' positionY='0' sourceSizeWidth='25' sourceSizeHeight='32' padding='0' trimmed='0' trimRecX='0' trimRecY='3' trimRecWidth='25' trimRecHeight='21' charValue='43' charOffsetX='3' charOffsetY='0' charAdvanceX='31' />
    <Sprite nameId='Adore64' originX='0' originY='0' positionX='276' positionY='0' sourceSizeWidth='13' sourceSizeHeight='32' padding='0' trimmed='0' trimRecX='0' trimRecY='19' trimRecWidth='13' trimRecHeight='12' charValue='44' charOffsetX='7' charOffsetY='0' charAdvanceX='31' />
    <Sprite nameId='Adore64' originX='0' originY='0' positionX='289' positionY='0' sourceSizeWidth='25' sourceSizeHeight='32' padding='0' trimmed='0' trimRecX='0' trimRecY='11' trimRecWidth='25' trimRecHeight='5' charValue='45' charOffsetX='3' charOffsetY='0' charAdvanceX='31' />
    <Sprite nameId='Adore64' originX='0' originY='0' positionX='314' positionY='0' sourceSizeWidth='9' sourceSizeHeight='32' padding='0' trimmed='0' trimRecX='0' trimRecY='19' trimRecWidth='9' trimRecHeight='8' charValue='46' charOffsetX='11' charOffsetY='0' charAdvanceX='31' />
    <Sprite nameId='Adore64' originX='0' originY='0' positionX='323' positionY='0' sourceSizeWidth='29' sourceSizeHeight='32' padding='0' trimmed='0' trimRecX='0' trimRecY='3' trimRecWidth='29' trimRecHeight='24' charValue='47' charOffsetX='3' charOffsetY='0' charAdvanceX='31' />
    <Sprite nameId='Adore64' originX='0' originY='0' positionX='352' positionY='0' sourceSizeWidth='25' sourceSizeHeight='32' padding='0' trimmed='0' trimRecX='0' trimRecY='0' trimRecWidth='25' trimRecHeight='27' charValue='48' charOffsetX='3' charOffsetY='0' charAdvanceX='31' />
    <Sprite nameId='Adore64' originX='0' originY='0' positionX='377' positionY='0' sourceSizeWidth='25' sourceSizeHeight='32' padding='0' trimmed='0' trimRecX='0' trimRecY='0' trimRecWidth='25' trimRecHeight='27' charValue='49' charOffsetX='3' charOffsetY='0' charAdvanceX='31' />
    <Sprite nameId='Adore64' originX='0' originY='0' positionX='402' positionY='0' sourceSizeWidth='25' sourceSizeHeight='32' padding='0' trimmed='0' trimRecX='0' trimRecY='0' trimRecWidth='25' trimRecHeight='27' charValue='50' charOffsetX='3' charOffsetY='0' charAdvanceX='31' />
    <Sprite nameId='Adore64' originX='0' originY='0' positionX='427' positionY='0' sourceSizeWidth='25' sourceSizeHeight='32' padding='0' trimmed='0' trimRecX='0' trimRecY='0' trimRecWidth='25' trimRecHeight='27' charValue='51' charOffsetX='3' charOffsetY='0' charAdvanceX='31' />
    <Sprite nameId='Adore64' originX='0' originY='0' positionX='452' positionY='0' sourceSizeWidth='29' sourceSizeHeight='32' padding='0' trimmed='0' trimRecX='0' trimRecY='0' trimRecWidth='29' trimRecHeight='27' charValue='52' charOffsetX='3' charOffsetY='0' charAdvanceX='31' />
    <Sprite nameId='Adore64' originX='0' originY='0' positionX='481' positionY='0' sourceSizeWidth='25' sourceSizeHeight='32' padding='0' trimmed='0' trimRecX='0' trimRecY='0' trimRecWidth='25' trimRecHeight='27' charValue='53' charOffsetX='3' charOffsetY='0' charAdvanceX='31' />
    <Sprite nameId='Adore64' originX='0' originY='0' positionX='506' positionY='0' sourceSizeWidth='25' sourceSizeHeight='32' padding='0' trimmed='0' trimRecX='0' trimRecY='0' trimRecWidth='25' trimRecHeight='27' charValue='54' charOffsetX='3' charOffsetY='0' charAdvanceX='31' />
    <Sprite nameId='Adore64' originX='0' originY='0' positionX='531' positionY='0' sourceSizeWidth='25' sourceSizeHeight='32' padding='0' trimmed='0' trimRecX='0' trimRecY='0' trimRecWidth='25' trimRecHeight='27' charValue='55' charOffsetX='3' charOffsetY='0' charAdvanceX='31' />
    <Sprite nameId='Adore64' originX='0' originY='0' positionX='556' positionY='0' sourceSizeWidth='25' sourceSizeHeight='32' padding='0' trimmed='0' trimRecX='0' trimRecY='0' trimRecWidth='25' trimRecHeight='27' charValue='56' charOffsetX='3' charOffsetY='0' charAdvanceX='31' />
    <Sprite nameId='Adore64' originX='0' originY='0' positionX='581' positionY='0' sourceSizeWidth='25' sourceSizeHeight='32' padding='0' trimmed='0' trimRecX='0' trimRecY='0' trimRecWidth='25' trimRecHeight='27' charValue='57' charOffsetX='3' charOffsetY='0' charAdvanceX='31' />
    <Sprite nameId='Adore64' originX='0' originY='0' positionX='606' positionY='0' sourceSizeWidth='9' sourceSizeHeight='32' padding='0' trimmed='0' trimRecX='0' trimRecY='7' trimRecWidth='9' trimRecHeight='17' charValue='58' charOffsetX='11' charOffsetY='0' charAdvanceX='31' />
    <Sprite nameId='Adore64' originX='0' originY='0' positionX='615' positionY='0' sourceSizeWidth='13' sourceSizeHeight='32' padding='0' trimmed='0' trimRecX='0' trimRecY='7' trimRecWidth='13' trimRecHeight='24' charValue='59' charOffsetX='7' charOffsetY='0' charAdvanceX='31' />
    <Sprite nameId='Adore64' originX='0' originY='0' positionX='628' positionY='0' sourceSizeWidth='25' sourceSizeHeight='32' padding='0' trimmed='0' trimRecX='0' trimRecY='0' trimRecWidth='25' trimRecHeight='27' charValue='60' charOffsetX='3' charOffsetY='0' charAdvanceX='31' />
    <Sprite nameId='Adore64' originX='0' originY='0' positionX='653' positionY='0' sourceSizeWidth='25' sourceSizeHeight='32' padding='0' trimmed='0' trimRecX='0' trimRecY='7' trimRecWidth='25' trimRecHeight='13' charValue='61' charOffsetX='3' charOffsetY='0' charAdvanceX='31' />
    <Sprite nameId='Adore64' originX='0' originY='0' positionX='678' positionY='0' sourceSizeWidth='25' sourceSizeHeight='32' padding='0' trimmed='0' trimRecX='0' trimRecY='0' trimRecWidth='25' trimRecHeight='27' charValue='62' charOffsetX='3' charOffsetY='0' charAdvanceX='31' />
    <Sprite nameId='Adore64' originX='0' originY='0' positionX='703' positionY='0' sourceSizeWidth='25' sourceSizeHeight='32' padding='0' trimmed='0' trimRecX='0' trimRecY='0' trimRecWidth='25' trimRecHeight='27' charValue='63' charOffsetX='3' charOffsetY='0' charAdvanceX='31' />
    <Sprite nameId='Adore64' originX='0' originY='0' positionX='728' positionY='0' sourceSizeWidth='25' sourceSizeHeight='32' padding='0' trimmed='0' trimRecX='0' trimRecY='0' trimRecWidth='25' trimRecHeight='27' charValue='64' charOffsetX='3' charOffsetY='0' charAdvanceX='31' />
    <Sprite nameId='Adore64' originX='0' originY='0' positionX='753' positionY='0' sourceSizeWidth='25' sourceSizeHeight='32' padding='0' trimmed='0' trimRecX='0' trimRecY='0' trimRecWidth='25' trimRecHeight='27' charValue='65' charOffsetX='3' charOffsetY='0' charAdvanceX='31' />
    <Sprite nameId='Adore64' originX='0' originY='0' positionX='778' positionY='0' sourceSizeWidth='25' sourceSizeHeight='32' padding='0' trimmed='0' trimRecX='0' trimRecY='0' trimRecWidth='25' trimRecHeight='27' charValue='66' charOffsetX='3' charOffsetY='0' charAdvanceX='31' />
    <Sprite nameId='Adore64' originX='0' originY='0' positionX='803' positionY='0' sourceSizeWidth='25' sourceSizeHeight='32' padding='0' trimmed='0' trimRecX='0' trimRecY='0' trimRecWidth='25' trimRecHeight='27' charValue='67' charOffsetX='3' charOffsetY='0' charAdvanceX='31' />
    <Sprite nameId='Adore64' originX='0' originY='0' positionX='828' positionY='0' sourceSizeWidth='25' sourceSizeHeight='32' padding='0' trimmed='0' trimRecX='0' trimRecY='0' trimRecWidth='25' trimRecHeight='27' charValue='68' charOffsetX='3' charOffsetY='0' charAdvanceX='31' />
    <Sprite nameId='Adore64' originX='0' originY='0' positionX='853' positionY='0' sourceSizeWidth='25' sourceSizeHeight='32' padding='0' trimmed='0' trimRecX='0' trimRecY='0' trimRecWidth='25' trimRecHeight='27' charValue='69' charOffsetX='3' charOffsetY='0' charAdvanceX='31' />
    <Sprite nameId='Adore64' originX='0' originY='0' positionX='878' positionY='0' sourceSizeWidth='25' sourceSizeHeight='32' padding='0' trimmed='0' trimRecX='0' trimRecY='0' trimRecWidth='25' trimRecHeight='27' charValue='70' charOffsetX='3' charOffsetY='0' charAdvanceX='31' />
    <Sprite nameId='Adore64' originX='0' originY='0' positionX='903' positionY='0' sourceSizeWidth='25' sourceSizeHeight='32' padding='0' trimmed='0' trimRecX='0' trimRecY='0' trimRecWidth='25' trimRecHeight='27' charValue='71' charOffsetX='3' charOffsetY='0' charAdvanceX='31' />
    <Sprite nameId='Adore64' originX='0' originY='0' positionX='928' positionY='0' sourceSizeWidth='25' sourceSizeHeight='32' padding='0' trimmed='0' trimRecX='0' trimRecY='0' trimRecWidth='25' trimRecHeight='27' charValue='72' charOffsetX='3' charOffsetY='0' charAdvanceX='31' />
    <Sprite nameId='Adore64' originX='0' originY='0' positionX='953' positionY='0' sourceSizeWidth='17' sourceSizeHeight='32' padding='0' trimmed='0' trimRecX='0' trimRecY='0' trimRecWidth='17' trimRecHeight='27' charValue='73' charOffsetX='7' charOffsetY='0' charAdvanceX='31' />
    <Sprite nameId='Adore64' originX='0' originY='0' positionX='970' positionY='0' sourceSizeWidth='25' sourceSizeHeight='32' padding='0' trimmed='0' trimRecX='0' trimRecY='0' trimRecWidth='25' trimRecHeight='27' charValue='74' charOffsetX='3' charOffsetY='0' charAdvanceX='31' />
    <Sprite nameId='Adore64' originX='0' originY='0' positionX='995' positionY='0' sourceSizeWidth='25' sourceSizeHeight='32' padding='0' trimmed='0' trimRecX='0' trimRecY='0' trimRecWidth='25' trimRecHeight='27' charValue='75' charOffsetX='3' charOffsetY='0' charAdvanceX='31' />
    <Sprite nameId='Adore64' originX='0' originY='0' positionX='0' positionY='32' sourceSizeWidth='25' sourceSizeHeight='32' padding='0' trimmed='0' trimRecX='0' trimRecY='0' trimRecWidth='25' trimRecHeight='27' charValue='76' charOffsetX='3' charOffsetY='0' charAdvanceX='31' />
    <Sprite nameId='Adore64' originX='0' originY='0' positionX='25' positionY='32' sourceSizeWidth='29' sourceSizeHeight='32' padding='0' trimmed='0' trimRecX='0' trimRecY='0' trimRecWidth='29' trimRecHeight='27' charValue='77' charOffsetX='3' charOffsetY='0' charAdvanceX='31' />
    <Sprite nameId='Adore64' originX='0' originY='0' positionX='54' positionY='32' sourceSizeWidth='25' sourceSizeHeight='32' padding='0' trimmed='0' trimRecX='0' trimRecY='0' trimRecWidth='25' trimRecHeight='27' charValue='78' charOffsetX='3' charOffsetY='0' charAdvanceX='31' />
    <Sprite nameId='Adore64' originX='0' originY='0' positionX='79' positionY='32' sourceSizeWidth='25' sourceSizeHeight='32' padding='0' trimmed='0' trimRecX='0' trimRecY='0' trimRecWidth='25' trimRecHeight='27' charValue='79' charOffsetX='3' charOffsetY='0' charAdvanceX='31' />
    <Sprite nameId='Adore64' originX='0' originY='0' positionX='104' positionY='32' sourceSizeWidth='25' sourceSizeHeight='32' padding='0' trimmed='0' trimRecX='0' trimRecY='0' trimRecWidth='25' trimRecHeight='27' charValue='80' charOffsetX='3' charOffsetY='0' charAdvanceX='31' />
    <Sprite nameId='Adore64' originX='0' originY='0' positionX='129' positionY='32' sourceSizeWidth='25' sourceSizeHeight='32' padding='0' trimmed='0' trimRecX='0' trimRecY='0' trimRecWidth='25' trimRecHeight='27' charValue='81' charOffsetX='3' charOffsetY='0' charAdvanceX='31' />
    <Sprite nameId='Adore64' originX='0' originY='0' positionX='154' positionY='32' sourceSizeWidth='25' sourceSizeHeight='32' padding='0' trimmed='0' trimRecX='0' trimRecY='0' trimRecWidth='25' trimRecHeight='27' charValue='82' charOffsetX='3' charOffsetY='0' charAdvanceX='31' />
    <Sprite nameId='Adore64' originX='0' originY='0' positionX='179' positionY='32' sourceSizeWidth='25' sourceSizeHeight='32' padding='0' trimmed='0' trimRecX='0' trimRecY='0' trimRecWidth='25' trimRecHeight='27' charValue='83' charOffsetX='3' charOffsetY='0' charAdvanceX='31' />
    <Sprite nameId='Adore64' originX='0' originY='0' positionX='204' positionY='32' sourceSizeWidth='25' sourceSizeHeight='32' padding='0' trimmed='0' trimRecX='0' trimRecY='0' trimRecWidth='25' trimRecHeight='27' charValue='84' charOffsetX='3' charOffsetY='0' charAdvanceX='31' />
    <Sprite nameId='Adore64' originX='0' originY='0' positionX='229' positionY='32' sourceSizeWidth='25' sourceSizeHeight='32' padding='0' trimmed='0' trimRecX='0' trimRecY='0' trimRecWidth='25' trimRecHeight='27' charValue='85' charOffsetX='3' charOffsetY='0' charAdvanceX='31' />
    <Sprite nameId='Adore64' originX='0' originY='0' positionX='254' positionY='32' sourceSizeWidth='25' sourceSizeHeight='32' padding='0' trimmed='0' trimRecX='0' trimRecY='0' trimRecWidth='25' trimRecHeight='27' charValue='86' charOffsetX='3' charOffsetY='0' charAdvanceX='31' />
    <Sprite nameId='Adore64' originX='0' originY='0' positionX='279' positionY='32' sourceSizeWidth='29' sourceSizeHeight='32' padding='0' trimmed='0' trimRecX='0' trimRecY='0' trimRecWidth='29' trimRecHeight='27' charValue='87' charOffsetX='3' charOffsetY='0' charAdvanceX='31' />
    <Sprite nameId='Adore64' originX='0' originY='0' positionX='308' positionY='32' sourceSizeWidth='25' sourceSizeHeight='32' padding='0' trimmed='0' trimRecX='0' trimRecY='0' trimRecWidth='25' trimRecHeight='27' charValue='88' charOffsetX='3' charOffsetY='0' charAdvanceX='31' />
    <Sprite nameId='Adore64' originX='0' originY='0' positionX='333' positionY='32' sourceSizeWidth='25' sourceSizeHeight='32' padding='0' trimmed='0' trimRecX='0' trimRecY='0' trimRecWidth='25' trimRecHeight='27' charValue='89' charOffsetX='3' charOffsetY='0' charAdvanceX='31' />
    <Sprite nameId='Adore64' originX='0' originY='0' positionX='358' positionY='32' sourceSizeWidth='25' sourceSizeHeight='32' padding='0' trimmed='0' trimRecX='0' trimRecY='0' trimRecWidth='25' trimRecHeight='27' charValue='90' charOffsetX='3' charOffsetY='0' charAdvanceX='31' />
    <Sprite nameId='Adore64' originX='0' originY='0' positionX='383' positionY='32' sourceSizeWidth='17' sourceSizeHeight='32' padding='0' trimmed='0' trimRecX='0' trimRecY='0' trimRecWidth='17' trimRecHeight='27' charValue='91' charOffsetX='7' charOffsetY='0' charAdvanceX='31' />
    <Sprite nameId='Adore64' originX='0' originY='0' positionX='400' positionY='32' sourceSizeWidth='29' sourceSizeHeight='32' padding='0' trimmed='0' trimRecX='0' trimRecY='3' trimRecWidth='29' trimRecHeight='24' charValue='92' charOffsetX='3' charOffsetY='0' charAdvanceX='31' />
    <Sprite nameId='Adore64' originX='0' originY='0' positionX='429' positionY='32' sourceSizeWidth='17' sourceSizeHeight='32' padding='0' trimmed='0' trimRecX='0' trimRecY='0' trimRecWidth='17' trimRecHeight='27' charValue='93' charOffsetX='7' charOffsetY='0' charAdvanceX='31' />
    <Sprite nameId='Adore64' originX='0' originY='0' positionX='446' positionY='32' sourceSizeWidth='25' sourceSizeHeight='32' padding='0' trimmed='0' trimRecX='0' trimRecY='0' trimRecWidth='25' trimRecHeight='12' charValue='94' charOffsetX='3' charOffsetY='0' charAdvanceX='31' />
    <Sprite nameId='Adore64' originX='0' originY='0' positionX='471' positionY='32' sourceSizeWidth='32' sourceSizeHeight='32' padding='0' trimmed='0' trimRecX='0' trimRecY='23' trimRecWidth='32' trimRecHeight='4' charValue='95' charOffsetX='0' charOffsetY='0' charAdvanceX='31' />
    <Sprite nameId='Adore64' originX='0' originY='0' positionX='503' positionY='32' sourceSizeWidth='17' sourceSizeHeight='32' padding='0' trimmed='0' trimRecX='0' trimRecY='0' trimRecWidth='17' trimRecHeight='12' charValue='96' charOffsetX='11' charOffsetY='0' charAdvanceX='31' />
    <Sprite nameId='Adore64' originX='0' originY='0' positionX='520' positionY='32' sourceSizeWidth='25' sourceSizeHeight='32' padding='0' trimmed='0' trimRecX='0' trimRecY='7' trimRecWidth='25' trimRecHeight='20' charValue='97' charOffsetX='3' charOffsetY='0' charAdvanceX='31' />
    <Sprite nameId='Adore64' originX='0' originY='0' positionX='545' positionY='32' sourceSizeWidth='25' sourceSizeHeight='32' padding='0' trimmed='0' trimRecX='0' trimRecY='3' trimRecWidth='25' trimRecHeight='24' charValue='98' charOffsetX='3' charOffsetY='0' charAdvanceX='31' />
    <Sprite nameId='Adore64' originX='0' originY='0' positionX='570' positionY='32' sourceSizeWidth='21' sourceSizeHeight='32' padding='0' trimmed='0' trimRecX='0' trimRecY='7' trimRecWidth='21' trimRecHeight='20' charValue='99' charOffsetX='3' charOffsetY='0' charAdvanceX='31' />
    <Sprite nameId='Adore64' originX='0' originY='0' positionX='591' positionY='32' sourceSizeWidth='25' sourceSizeHeight='32' padding='0' trimmed='0' trimRecX='0' trimRecY='3' trimRecWidth='25' trimRecHeight='24' charValue='100' charOffsetX='3' charOffsetY='0' charAdvanceX='31' />
    <Sprite nameId='Adore64' originX='0' originY='0' positionX='616' positionY='32' sourceSizeWidth='25' sourceSizeHeight='32' padding='0' trimmed='0' trimRecX='0' trimRecY='7' trimRecWidth='25' trimRecHeight='20' charValue='101' charOffsetX='3' charOffsetY='0' charAdvanceX='31' />
    <Sprite nameId='Adore64' originX='0' originY='0' positionX='641' positionY='32' sourceSizeWidth='21' sourceSizeHeight='32' padding='0' trimmed='0' trimRecX='0' trimRecY='3' trimRecWidth='21' trimRecHeight='24' charValue='102' charOffsetX='7' charOffsetY='0' charAdvanceX='31' />
    <Sprite nameId='Adore64' originX='0' originY='0' positionX='662' positionY='32' sourceSizeWidth='25' sourceSizeHeight='32' padding='0' trimmed='0' trimRecX='0' trimRecY='7' trimRecWidth='25' trimRecHeight='24' charValue='103' charOffsetX='3' charOffsetY='0' charAdvanceX='31' />
    <Sprite nameId='Adore64' originX='0' originY='0' positionX='687' positionY='32' sourceSizeWidth='25' sourceSizeHeight='32' padding='0' trimmed='0' trimRecX='0' trimRecY='3' trimRecWidth='25' trimRecHeight='24' charValue='104' charOffsetX='3' charOffsetY='0' charAdvanceX='31' />
    <Sprite nameId='Adore64' originX='0' originY='0' positionX='712' positionY='32' sourceSizeWidth='17' sourceSizeHeight='32' padding='0' trimmed='0' trimRecX='0' trimRecY='3' trimRecWidth='17' trimRecHeight='24' charValue='105' charOffsetX='7' charOffsetY='0' charAdvanceX='31' />
    <Sprite nameId='Adore64' originX='0' originY='0' positionX='729' positionY='32' sourceSizeWidth='21' sourceSizeHeight='32' padding='0' trimmed='0' trimRecX='0' trimRecY='3' trimRecWidth='21' trimRecHeight='28' charValue='106' charOffsetX='7' charOffsetY='0' charAdvanceX='31' />
    <Sprite nameId='Adore64' originX='0' originY='0' positionX='750' positionY='32' sourceSizeWidth='24' sourceSizeHeight='32' padding='0' trimmed='0' trimRecX='0' trimRecY='3' trimRecWidth='24' trimRecHeight='24' charValue='107' charOffsetX='4' charOffsetY='0' charAdvanceX='31' />
    <Sprite nameId='Adore64' originX='0' originY='0' positionX='774' positionY='32' sourceSizeWidth='17' sourceSizeHeight='32' padding='0' trimmed='0' trimRecX='0' trimRecY='3' trimRecWidth='17' trimRecHeight='24' charValue='108' charOffsetX='7' charOffsetY='0' charAdvanceX='31' />
    <Sprite nameId='Adore64' originX='0' originY='0' positionX='791' positionY='32' sourceSizeWidth='29' sourceSizeHeight='32' padding='0' trimmed='0' trimRecX='0' trimRecY='7' trimRecWidth='29' trimRecHeight='20' charValue='109' charOffsetX='3' charOffsetY='0' charAdvanceX='31' />
    <Sprite nameId='Adore64' originX='0' originY='0' positionX='820' positionY='32' sourceSizeWidth='25' sourceSizeHeight='32' padding='0' trimmed='0' trimRecX='0' trimRecY='7' trimRecWidth='25' trimRecHeight='20' charValue='110' charOffsetX='3' charOffsetY='0' charAdvanceX='31' />
    <Sprite nameId='Adore64' originX='0' originY='0' positionX='845' positionY='32' sourceSizeWidth='25' sourceSizeHeight='32' padding='0' trimmed='0' trimRecX='0' trimRecY='7' trimRecWidth='25' trimRecHeight='20' charValue='111' charOffsetX='3' charOffsetY='0' charAdvanceX='31' />
    <Sprite nameId='Adore64' originX='0' originY='0' positionX='870' positionY='32' sourceSizeWidth='25' sourceSizeHeight='32' padding='0' trimmed='0' trimRecX='0' trimRecY='7' trimRecWidth='25' trimRecHeight='24' charValue='112' charOffsetX='3' charOffsetY='0' charAdvanceX='31' />
    <Sprite nameId='Adore64' originX='0' originY='0' positionX='895' positionY='32' sourceSizeWidth='25' sourceSizeHeight='32' padding='0' trimmed='0' trimRecX='0' trimRecY='7' trimRecWidth='25' trimRecHeight='24' charValue='113' charOffsetX='3' charOffsetY='0' charAdvanceX='31' />
    <Sprite nameId='Adore64' originX='0' originY='0' positionX='920' positionY='32' sourceSizeWidth='25' sourceSizeHeight='32' padding='0' trimmed='0' trimRecX='0' trimRecY='7' trimRecWidth='25' trimRecHeight='20' charValue='114' charOffsetX='3' charOffsetY='0' charAdvanceX='31' />
    <Sprite nameId='Adore64' originX='0' originY='0' positionX='945' positionY='32' sourceSizeWidth='25' sourceSizeHeight='32' padding='0' trimmed='0' trimRecX='0' trimRecY='7' trimRecWidth='25' trimRecHeight='20' charValue='115' charOffsetX='3' charOffsetY='0' charAdvanceX='31' />
    <Sprite nameId='Adore64' originX='0' originY='0' positionX='970' positionY='32' sourceSizeWidth='25' sourceSizeHeight='32' padding='0' trimmed='0' trimRecX='0' trimRecY='3' trimRecWidth='25' trimRecHeight='24' charValue='116' charOffsetX='3' charOffsetY='0' charAdvanceX='31' />
    <Sprite nameId='Adore64' originX='0' originY='0' positionX='995' positionY='32' sourceSizeWidth='25' sourceSizeHeight='32' padding='0' trimmed='0' trimRecX='0' trimRecY='7' trimRecWidth='25' trimRecHeight='20' charValue='117' charOffsetX='3' charOffsetY='0' charAdvanceX='31' />
    <Sprite nameId='Adore64' originX='0' originY='0' positionX='0' positionY='64' sourceSizeWidth='25' sourceSizeHeight='32' padding='0' trimmed='0' trimRecX='0' trimRecY='7' trimRecWidth='25' trimRecHeight='20' charValue='118' charOffsetX='3' charOffsetY='0' charAdvanceX='31' />
    <Sprite nameId='Adore64' originX='0' originY='0' positionX='25' positionY='64' sourceSizeWidth='29' sourceSizeHeight='32' padding='0' trimmed='0' trimRecX='0' trimRecY='7' trimRecWidth='29' trimRecHeight='20' charValue='119' charOffsetX='3' charOffsetY='0' charAdvanceX='31' />
    <Sprite nameId='Adore64' originX='0' originY='0' positionX='54' positionY='64' sourceSizeWidth='25' sourceSizeHeight='32' padding='0' trimmed='0' trimRecX='0' trimRecY='7' trimRecWidth='25' trimRecHeight='20' charValue='120' charOffsetX='3' charOffsetY='0' charAdvanceX='31' />
    <Sprite nameId='Adore64' originX='0' originY='0' positionX='79' positionY='64' sourceSizeWidth='25' sourceSizeHeight='32' padding='0' trimmed='0' trimRecX='0' trimRecY='7' trimRecWidth='25' trimRecHeight='24' charValue='121' charOffsetX='3' charOffsetY='0' charAdvanceX='31' />
    <Sprite nameId='Adore64' originX='0' originY='0' positionX='104' positionY='64' sourceSizeWidth='25' sourceSizeHeight='32' padding='0' trimmed='0' trimRecX='0' trimRecY='7' trimRecWidth='25' trimRecHeight='20' charValue='122' charOffsetX='3' charOffsetY='0' charAdvanceX='31' />
    <Sprite nameId='Adore64' originX='0' originY='0' positionX='129' positionY='64' sourceSizeWidth='21' sourceSizeHeight='32' padding='0' trimmed='0' trimRecX='0' trimRecY='0' trimRecWidth='21' trimRecHeight='27' charValue='123' charOffsetX='3' charOffsetY='0' charAdvanceX='31' />
    <Sprite nameId='Adore64' originX='0' originY='0' positionX='150' positionY='64' sourceSizeWidth='9' sourceSizeHeight='32' padding='0' trimmed='0' trimRecX='0' trimRecY='0' trimRecWidth='9' trimRecHeight='32' charValue='124' charOffsetX='11' charOffsetY='0' charAdvanceX='31' />
    <Sprite nameId='Adore64' originX='0' originY='0' positionX='159' positionY='64' sourceSizeWidth='21' sourceSizeHeight='32' padding='0' trimmed='0' trimRecX='0' trimRecY='0' trimRecWidth='21' trimRecHeight='27' charValue='125' charOffsetX='7' charOffsetY='0' charAdvanceX='31' />
    <Sprite nameId='Adore64' originX='0' originY='0' positionX='180' positionY='64' sourceSizeWidth='0' sourceSizeHeight='0' padding='0' trimmed='0' trimRecX='0' trimRecY='0' trimRecWidth='0' trimRecHeight='0' charValue='126' charOffsetX='0' charOffsetY='0' charAdvanceX='23' />
</AtlasTexture>
